Código,Cliente,Fecha,Concepto,Método de pago,Cantidad,Banco,Número de cheque,Observaciones
20260530181556,2112 - Clinica Dental Tijuana,2026-05-30,"",Transferencia Bancaria,507.6,"","",""
20260529133935,6901 - Dental Studio,2026-05-29,Factura 506594,Efectivo,150.0,"","",""
20260529133926,6901 - Dental Studio,2026-05-29,Factura 506595,Efectivo,225.0,"","",""
20260529133813,4505 - Clinica Dental Integral,2026-05-29,Factura 926095,Efectivo,470.0,"","",""
20260529122347,6152 - Maxilo Dental,2026-05-29,Factura 926066,Efectivo,85.0,"","",""
20260529122310,3297 - Horizon Dental Group,2026-05-29,"",Efectivo,255.0,"","",""
20260528143307,8832 - Orion Dental,2026-05-28,Factura 0658,Efectivo,75.0,"","",""
20260528143241,800 - Zenzao Smile Studio,2026-05-28,"",Transferencia Bancaria,280.0,"","",""
20260527161158,7399 - Dental Angel Smile,2026-05-27,Factura 926087,Transferencia Bancaria,90.0,"","",""
20260525192844,2112 - Clinica Dental Tijuana,2026-05-25,"",Transferencia Bancaria,648.0,"","",""
20260525192734,6153 - Clinica Dental Paleo,2026-05-25,Factura 926062,Efectivo,420.0,"","",""
20260521155552,2795 - Clinica Dental Coronel,2026-05-21,Factura 926069,Transferencia Bancaria,100.0,"","",""
20260518164456,6152 - Maxilo Dental,2026-05-18,Factura 926074,Transferencia Bancaria,324.0,"","",""
20260518164445,6152 - Maxilo Dental,2026-05-18,Factura 926076,Transferencia Bancaria,1166.4,"","",""
20260518131249,4505 - Clinica Dental Integral,2026-05-18,Factura 087958211825-5065906,Efectivo,95.0,"","",""
20260518131235,6901 - Dental Studio,2026-05-18,Factura 926072,Efectivo,255.0,"","",""
20260516105640,2112 - Clinica Dental Tijuana,2026-05-16,"",Transferencia Bancaria,567.0,"","",""
20260515132340,7399 - Dental Angel Smile,2026-05-15,Factura 926054,Efectivo,170.0,"","",""
20260515132302,1931 - Hola Dental,2026-05-15,"",Efectivo,170.0,"","",""
20260514103603,2112 - Clinica Dental Tijuana,2026-05-14,"",Transferencia Bancaria,324.0,"","",""
20260514103236,2112 - Clinica Dental Tijuana,2026-05-14,"",Transferencia Bancaria,421.2,"","",""
20260514102916,3297 - Horizon Dental Group,2026-05-14,Factura 926070,Efectivo,85.0,"","",""
20260509151731,6152 - Maxilo Dental,2026-05-09,"",Efectivo,230.0,"","",""
20260509150159,8832 - Orion Dental,2026-05-09,Factura 926047,Transferencia Bancaria,85.0,"","",""
20260509150135,4505 - Clinica Dental Integral,2026-05-09,Factura 926061,Efectivo,75.0,"","",""
20260509150111,6901 - Dental Studio,2026-05-09,Factura 926059,Efectivo,95.0,"","",""
20260505170817,803 - Regenerando Sonrisas,2026-05-05,Factura 926041,Efectivo,75.0,"","",""
20260505170807,803 - Regenerando Sonrisas,2026-05-05,Factura 926040,Efectivo,85.0,"","",""
20260505170746,2795 - Clinica Dental Coronel,2026-05-05,Factura 926042,Transferencia Bancaria,170.0,"","",""
20260505170720,9093 - Dr. Carlos Peralta,2026-05-05,Factura 926046,Efectivo,210.0,"","",""
20260504105218,4505 - Clinica Dental Integral,2026-05-04,"",Efectivo,350.0,"","",""
20260502121427,2112 - Clinica Dental Tijuana,2026-05-02,"",Transferencia Bancaria,243.0,"","",""
20260502121148,1882 - Superdental,2026-05-02,"",Transferencia Bancaria,50.0,"","",""
20260502121058,2795 - Clinica Dental Coronel,2026-05-02,Factura 926038,Transferencia Bancaria,75.0,"","",""
20260502120919,6152 - Maxilo Dental,2026-05-02,Factura 926048,Efectivo,240.0,"","",""
20260425151153,6152 - Maxilo Dental,2026-04-25,"",Efectivo,260.0,"","",""
20260425150952,2795 - Clinica Dental Coronel,2026-04-25,Factura 087958211825-5065904,Transferencia Bancaria,85.0,"","",""
20260424160000,6901 - Dental Studio,2026-04-24,Factura 926031,Efectivo,75.0,"","",""
20260424155651,803 - Regenerando Sonrisas,2026-04-24,"",Efectivo,245.0,"","",""
20260424155625,4505 - Clinica Dental Integral,2026-04-24,"",Efectivo,535.0,"","",""
20260424131241,2112 - Clinica Dental Tijuana,2026-04-24,Factura 087958211825-5065894,Efectivo,10.8,"","",""
20260424130957,2112 - Clinica Dental Tijuana,2026-04-24,"",Transferencia Bancaria,324.0,"","",""
20260423174638,800 - Zenzao Smile Studio,2026-04-23,"",Transferencia Bancaria,370.0,"","",""
20260420200729,7399 - Dental Angel Smile,2026-04-20,Factura 087958211825-5065893,Efectivo,85.0,"","",""
20260420200504,4505 - Clinica Dental Integral,2026-04-20,"",Efectivo,460.0,"","",""
20260420200448,6901 - Dental Studio,2026-04-20,Factura 087958211825-506597,Efectivo,85.0,"","",""
20260415121717,3297 - Horizon Dental Group,2026-04-15,"",Efectivo,100.0,"","",""
20260414163250,1931 - Hola Dental,2026-04-14,"",Efectivo,175.0,"","",""
20260412223501,3297 - Horizon Dental Group,2026-04-12,"",Efectivo,80.0,"","",""
20260412223428,2795 - Clinica Dental Coronel,2026-04-12,Factura 888167,Transferencia Bancaria,90.0,"","",""
20260412223419,2795 - Clinica Dental Coronel,2026-04-12,Factura 888166,Transferencia Bancaria,680.0,"","",""
20260411100818,2112 - Clinica Dental Tijuana,2026-04-11,"",Transferencia Bancaria,405.0,"","",""
20260411100325,6152 - Maxilo Dental,2026-04-11,Factura 087958211825-506599,Efectivo,90.0,"","",""
20260411100315,6152 - Maxilo Dental,2026-04-11,Factura 087958211825-506898,Efectivo,85.0,"","",""
20260409123459,4505 - Clinica Dental Integral,2026-04-09,"",Transferencia Bancaria,421.2,"","",""
20260408185137,800 - Zenzao Smile Studio,2026-04-08,Factura 087958211825-506587,Transferencia Bancaria,160.0,"","",""
20260408185126,800 - Zenzao Smile Studio,2026-04-08,Factura 087958211825-506574,Transferencia Bancaria,160.0,"","",""
20260408185021,2795 - Clinica Dental Coronel,2026-04-08,Factura 087958211825-506470,Transferencia Bancaria,155.0,"","",""
20260404123741,2112 - Clinica Dental Tijuana,2026-04-04,"",Transferencia Bancaria,1112.4,"","",""
20260331134101,6152 - Maxilo Dental,2026-03-31,"",Efectivo,120.0,"","",""
20260331125748,7399 - Dental Angel Smile,2026-03-31,Factura 087958211825-506572,Efectivo,85.0,"","",""
20260328133119,4505 - Clinica Dental Integral,2026-03-28,Factura 087958211825-506568,Transferencia Bancaria,259.2,"","",""
20260327164837,1882 - Superdental,2026-03-27,"",Efectivo,270.0,"","",""
20260327130534,2112 - Clinica Dental Tijuana,2026-03-27,Factura 087958211825-506565,Efectivo,12.18,"","",""
20260327130501,2112 - Clinica Dental Tijuana,2026-03-27,"",Transferencia Bancaria,2435.4,"","",""
20260324190617,800 - Zenzao Smile Studio,2026-03-24,Factura 087958211825-506562,Transferencia Bancaria,75.0,"","",""
20260321131527,8832 - Orion Dental,2026-03-21,Factura 087958211825-506563,Efectivo,90.0,"","",""
20260321092456,2112 - Clinica Dental Tijuana,2026-03-21,"",Transferencia Bancaria,226.22,"","",""
20260321092442,4505 - Clinica Dental Integral,2026-03-21,Factura 087958211825-506554,Transferencia Bancaria,172.8,"","",""
20260321092435,4505 - Clinica Dental Integral,2026-03-21,Factura 087958211825-506553,Transferencia Bancaria,81.0,"","",""
20260321092418,6901 - Dental Studio,2026-03-21,Factura 087958211825-506550,Transferencia Bancaria,81.0,"","",""
20260314180610,6152 - Maxilo Dental,2026-03-14,Factura 087958211825-506546,Efectivo,90.0,"","",""
20260314180542,2795 - Clinica Dental Coronel,2026-03-14,Factura 087958211825-506552,Transferencia Bancaria,1620.0,"","",""
20260313170350,7399 - Dental Angel Smile,2026-03-13,Factura 087958211825-506538,Efectivo,85.0,"","",""
20260313170233,4505 - Clinica Dental Integral,2026-03-13,"",Transferencia Bancaria,648.0,"","",""
20260313165958,2112 - Clinica Dental Tijuana,2026-03-13,"",Transferencia Bancaria,982.8,"","",""
20260312170711,2795 - Clinica Dental Coronel,2026-03-12,Factura 087958211825-506470,Efectivo,100.0,"","",""
20260312170039,2543 - Real Dental Tijuana,2026-03-12,Factura 087958211825-506532,Efectivo,75.0,"","",""
20260312165959,8832 - Orion Dental,2026-03-12,Factura 087958211825-506518,Transferencia Bancaria,81.0,"","",""
20260307122831,2112 - Clinica Dental Tijuana,2026-03-07,"",Transferencia Bancaria,405.0,"","",""
20260303153643,7399 - Dental Angel Smile,2026-03-03,Factura 087958211825-506533,Efectivo,85.0,"","",""
20260303153624,6152 - Maxilo Dental,2026-03-03,Factura 087958211825-506526,Efectivo,85.0,"","",""
20260303153459,803 - Regenerando Sonrisas,2026-03-03,Factura 087958211825-506514,Efectivo,40.5,"","",""
20260303104524,800 - Zenzao Smile Studio,2026-03-03,"",Transferencia Bancaria,540.0,"","",""
20260303104339,2112 - Clinica Dental Tijuana,2026-03-03,"",Transferencia Bancaria,588.6,"","",""
20260228142923,6153 - Clinica Dental Paleo,2026-02-28,Factura 087958211825-506535,Efectivo,320.0,"","",""
20260226164827,800 - Zenzao Smile Studio,2026-02-26,Factura 087958211825-506519,Transferencia Bancaria,145.8,"","",""
20260226164753,3297 - Horizon Dental Group,2026-02-26,"",Efectivo,100.0,"","",""
20260226164221,4505 - Clinica Dental Integral,2026-02-26,Factura 087958211825-506529,Efectivo,75.0,"","",""
20260226164208,6901 - Dental Studio,2026-02-26,Factura 087958211825-506528,Efectivo,300.0,"","",""
20260226164158,6901 - Dental Studio,2026-02-26,Factura 087958211825-506527,Efectivo,160.0,"","",""
20260226164150,6901 - Dental Studio,2026-02-26,Factura 087958211825-506521,Efectivo,75.0,"","",""
20260225120309,1882 - Superdental,2026-02-25,"",Transferencia Bancaria,475.0,"","",""
20260225092932,4505 - Clinica Dental Integral,2026-02-25,Factura 087958211825-506515,Efectivo,225.0,"","",""
20260225092527,2795 - Clinica Dental Coronel,2026-02-25,"",Transferencia Bancaria,255.0,"","",""
20260223130937,6153 - Clinica Dental Paleo,2026-02-23,Factura 087958211825-506486,Efectivo,70.0,"","",""
20260223130919,6153 - Clinica Dental Paleo,2026-02-23,Factura 087958211825-506505,Efectivo,380.0,"","",""
20260220160318,7399 - Dental Angel Smile,2026-02-20,Factura 087958211825-506516,Efectivo,85.0,"","",""
20260214092033,6152 - Maxilo Dental,2026-02-14,Factura 087958211825-506507,Efectivo,85.0,"","",""
20260214092024,6152 - Maxilo Dental,2026-02-14,Factura 087958211825-506502,Efectivo,85.0,"","",""
20260214091934,6901 - Dental Studio,2026-02-14,"",Efectivo,245.0,"","",""
20260214091906,7399 - Dental Angel Smile,2026-02-14,Factura 087958211825-506493,Efectivo,85.0,"","",""
20260214091815,4505 - Clinica Dental Integral,2026-02-14,"",Efectivo,535.0,"","",""
20260214091623,2795 - Clinica Dental Coronel,2026-02-14,Factura 087958211825-506489,Transferencia Bancaria,85.0,"","",""
20260210140208,2112 - Clinica Dental Tijuana,2026-02-10,"",Transferencia Bancaria,329.4,"","",""
20260210140038,2795 - Clinica Dental Coronel,2026-02-10,Factura 087958211825-506475,Transferencia Bancaria,90.0,"","",""
20260207114659,2543 - Real Dental Tijuana,2026-02-07,Factura 087958211825-506479,Efectivo,75.0,"","",""
20260207114650,2543 - Real Dental Tijuana,2026-02-07,Factura 087958211825-506478,Efectivo,75.0,"","",""
20260207114642,2543 - Real Dental Tijuana,2026-02-07,Factura 087958211825-506473,Efectivo,90.0,"","",""
20260207112849,6153 - Clinica Dental Paleo,2026-02-07,Factura 087958211825-506505,Efectivo,300.0,"","",""
20260207112835,6153 - Clinica Dental Paleo,2026-02-07,Factura 087958211825-506501,Efectivo,40.0,"","",""
20260207110030,6153 - Clinica Dental Paleo,2026-02-07,Factura 087958211825-506505,Efectivo,300.0,"","",""
20260206091439,4505 - Clinica Dental Integral,2026-02-06,Factura 087958211825-506492,Efectivo,75.0,"","",""
20260206091432,4505 - Clinica Dental Integral,2026-02-06,Factura 087958211825-506491,Efectivo,225.0,"","",""
20260206091424,4505 - Clinica Dental Integral,2026-02-06,Factura 087958211825-506490,Efectivo,225.0,"","",""
20260204143429,6153 - Clinica Dental Paleo,2026-02-04,Factura 087958211825-506485,Efectivo,50.0,"","",""
20260204143420,6153 - Clinica Dental Paleo,2026-02-04,Factura 087958211825-506484,Efectivo,280.0,"","",""
20260204143412,6153 - Clinica Dental Paleo,2026-02-04,Factura 087958211825-506483,Efectivo,70.0,"","",""
20260204143355,6153 - Clinica Dental Paleo,2026-02-04,Factura 087958211825-506499,Efectivo,70.0,"","",""
20260204091738,4505 - Clinica Dental Integral,2026-02-04,Factura 087958211825-506458,Efectivo,80.0,"","",""
20260131122346,803 - Regenerando Sonrisas,2026-01-31,Factura 087958211825-506487,Transferencia Bancaria,81.0,"","",""
20260131122146,2795 - Clinica Dental Coronel,2026-01-31,Factura 087958211825-506477,Efectivo,1020.0,"","",""
20260130133912,2112 - Clinica Dental Tijuana,2026-01-30,"",Transferencia Bancaria,577.8,"","",""
20260127171915,2795 - Clinica Dental Coronel,2026-01-27,Factura 087958211825-506468,Efectivo,85.0,"","",""
20260127171907,2795 - Clinica Dental Coronel,2026-01-27,Factura 087958211825-506467,Efectivo,180.0,"","",""
20260127171859,2795 - Clinica Dental Coronel,2026-01-27,Factura 087958211825-506466,Efectivo,85.0,"","",""
20260127171851,2795 - Clinica Dental Coronel,2026-01-27,Factura 087958211825-506465,Efectivo,75.0,"","",""
20260123203247,6153 - Clinica Dental Paleo,2026-01-23,Factura 087958211825-506460,Efectivo,50.0,"","",""
20260119172829,2795 - Clinica Dental Coronel,2026-01-19,Factura 087958211825-506455,Efectivo,180.0,"","",""
20260119110959,4505 - Clinica Dental Integral,2026-01-19,Factura 087958211825-506456,Efectivo,225.0,"","",""
20260119110942,6901 - Dental Studio,2026-01-19,Factura 087958211825-506454,Efectivo,75.0,"","",""
20260119110926,6901 - Dental Studio,2026-01-19,Factura 087958211825-506453,Efectivo,75.0,"","",""
20260119110843,1882 - Superdental,2026-01-19,Factura 087958211825-506469,Efectivo,75.0,"","",""
20260119110531,1882 - Superdental,2026-01-19,Factura 087958211825-506462,Efectivo,50.0,"","",""
20260115135852,2112 - Clinica Dental Tijuana,2026-01-15,Factura 087958211825-506461,Transferencia Bancaria,162.0,"","",""
20260115135842,2112 - Clinica Dental Tijuana,2026-01-15,Factura 087958211825-506457,Transferencia Bancaria,243.0,"","",""
20260115135035,2543 - Real Dental Tijuana,2026-01-15,Factura 087958211825-506451,Efectivo,75.0,"","",""
20260115091851,6152 - Maxilo Dental,2026-01-15,Factura 087958211825-506434,Efectivo,85.0,"","",""
20260115091749,2795 - Clinica Dental Coronel,2026-01-15,Factura 087958211825-506448,Transferencia Bancaria,900.0,"","",""
20260114125729,6153 - Clinica Dental Paleo,2026-01-14,"",Efectivo,160.0,"","",""
20260110120618,4505 - Clinica Dental Integral,2026-01-10,"",Efectivo,530.0,"","",""
20260108161015,3297 - Horizon Dental Group,2026-01-08,"",Efectivo,50.0,"","",""
20260107131237,2543 - Real Dental Tijuana,2026-01-07,Factura 087958211825-506437,Efectivo,170.0,"","",""
20260106125617,800 - Zenzao Smile Studio,2026-01-06,Factura 087958211825-506441,Transferencia Bancaria,75.0,"","",""
20260106125606,800 - Zenzao Smile Studio,2026-01-06,Factura 087958211825-506427,Transferencia Bancaria,85.0,"","",""
20260105091707,2112 - Clinica Dental Tijuana,2026-01-05,Factura 087958211825-506449,Transferencia Bancaria,345.6,"","",""
20260105091657,2112 - Clinica Dental Tijuana,2026-01-05,Factura 087958211825-506447,Transferencia Bancaria,81.0,"","",""
20260105091647,2112 - Clinica Dental Tijuana,2026-01-05,Factura 087958211825-506446,Transferencia Bancaria,324.0,"","",""
20260105091630,3297 - Horizon Dental Group,2026-01-05,Factura 087958211825-506445,Efectivo,560.0,"","",""
20260102123049,2795 - Clinica Dental Coronel,2026-01-02,Factura 087958211825-506436,Transferencia Bancaria,45.0,"","",""
20260102123038,2795 - Clinica Dental Coronel,2026-01-02,Factura 087958211825-506415,Transferencia Bancaria,85.0,"","",""
20251227131321,6153 - Clinica Dental Paleo,2025-12-27,Factura 087958211825-506444,Efectivo,70.0,"","",""
20251226144149,2112 - Clinica Dental Tijuana,2025-12-26,"",Transferencia Bancaria,2025.0,"","",""
20251226125610,1882 - Superdental,2025-12-26,Factura 087958211825-506439,Efectivo,225.0,"","",""
20251226125601,1882 - Superdental,2025-12-26,Factura 087958211825-506406,Efectivo,85.0,"","",""
20251226125555,1882 - Superdental,2025-12-26,Factura 087958211825-153998,Efectivo,20.0,"","",""
20251226125525,8832 - Orion Dental,2025-12-26,Factura 087958211825-506438,Efectivo,155.0,"","",""
20251226095831,6152 - Maxilo Dental,2025-12-26,Factura 087958211825-506429,Transferencia Bancaria,486.0,"","",""
20251222090713,2543 - Real Dental Tijuana,2025-12-22,Factura 087958211825-506417,Efectivo,150.0,"","",""
20251222090706,2543 - Real Dental Tijuana,2025-12-22,Factura 087958211825-506416,Efectivo,75.0,"","",""
20251222090656,2543 - Real Dental Tijuana,2025-12-22,Factura 087958211825-506411,Efectivo,150.0,"","",""
20251219171116,2112 - Clinica Dental Tijuana,2025-12-19,"",Transferencia Bancaria,1549.8,"","",""
20251219171020,6901 - Dental Studio,2025-12-19,Factura 087958211825-506432,Efectivo,225.0,"","",""
20251219171012,6901 - Dental Studio,2025-12-19,Factura 087958211825-506431,Efectivo,75.0,"","",""
20251219171006,6901 - Dental Studio,2025-12-19,Factura 087958211825-506430,Efectivo,75.0,"","",""
20251219170958,6901 - Dental Studio,2025-12-19,Factura 087958211825-506418,Efectivo,75.0,"","",""
20251218152005,6153 - Clinica Dental Paleo,2025-12-18,Factura 087958211825-506426,Efectivo,280.0,"","",""
20251218151950,2795 - Clinica Dental Coronel,2025-12-18,Factura 087958211825-506405,Transferencia Bancaria,900.0,"","",""
20251215212434,3297 - Horizon Dental Group,2025-12-15,"",Efectivo,120.0,"","",""
20251213145050,6152 - Maxilo Dental,2025-12-13,Factura 087958211825-506412,Efectivo,160.0,"","",""
20251213145043,6152 - Maxilo Dental,2025-12-13,Factura 087958211825-506407,Efectivo,75.0,"","",""
20251213144946,2795 - Clinica Dental Coronel,2025-12-13,"",Efectivo,200.0,"","",""
20251211214446,6153 - Clinica Dental Paleo,2025-12-11,Factura 087958211825-153992,Efectivo,80.0,"","",""
20251211181552,2112 - Clinica Dental Tijuana,2025-12-11,"",Transferencia Bancaria,923.4,"","",""
20251211181417,7399 - Dental Angel Smile,2025-12-11,Factura 087958211825-506404,Efectivo,510.0,"","",""
20251211181409,7399 - Dental Angel Smile,2025-12-11,Factura 087958211825-153987,Efectivo,400.0,"","",""
20251209185122,2795 - Clinica Dental Coronel,2025-12-09,"",Efectivo,300.0,"","",""
20251208190750,6152 - Maxilo Dental,2025-12-08,Factura 087958211825-153989,Transferencia Bancaria,604.8,"","",""
20251208151712,7399 - Dental Angel Smile,2025-12-08,Factura 087958211825-154000,Efectivo,85.0,"","",""
20251208151525,800 - Zenzao Smile Studio,2025-12-08,Factura 087958211825-153990,Efectivo,85.0,"","",""
20251208151442,2112 - Clinica Dental Tijuana,2025-12-08,"",Transferencia Bancaria,496.8,"","",""
20251208151127,6152 - Maxilo Dental,2025-12-08,Factura 888162,Efectivo,175.0,"","",""
20251203122011,1931 - Hola Dental,2025-12-03,Factura 087958211825-153949,Efectivo,85.0,"","",""
20251203121928,1931 - Hola Dental,2025-12-03,Factura 087958211825-153948,Efectivo,85.0,"","",""
20251203121920,1931 - Hola Dental,2025-12-03,Factura 087958211825-153936,Efectivo,90.0,"","",""
20251202095738,8832 - Orion Dental,2025-12-02,Factura 087958211825-153997,Transferencia Bancaria,162.0,"","",""
20251128112500,2543 - Real Dental Tijuana,2025-11-28,Factura 087958211825-153972,Efectivo,85.0,"","",""
20251128112452,2543 - Real Dental Tijuana,2025-11-28,Factura 087958211825-153971,Efectivo,180.0,"","",""
20251126124333,2112 - Clinica Dental Tijuana,2025-11-26,"",Cheque,324.0,"","",""
20251126124240,3297 - Horizon Dental Group,2025-11-26,"",Efectivo,300.0,"","",""
20251126124205,4505 - Clinica Dental Integral,2025-11-26,"",Transferencia Bancaria,187.4,"","",""
20251126123830,4505 - Clinica Dental Integral,2025-11-26,Factura 087958211825-153983,Transferencia Bancaria,81.0,"","",""
20251126123821,4505 - Clinica Dental Integral,2025-11-26,Factura 087958211825-153982,Transferencia Bancaria,102.6,"","",""
20251124110223,2112 - Clinica Dental Tijuana,2025-11-24,Factura 087958211825-153856,Efectivo,10.8,"","",""
20251124110157,2112 - Clinica Dental Tijuana,2025-11-24,Factura 087958211825-153850,Efectivo,40.5,"","",""
20251124105800,2795 - Clinica Dental Coronel,2025-11-24,Factura 087958211825-153974,Efectivo,85.0,"","",""
20251124105752,2795 - Clinica Dental Coronel,2025-11-24,Factura 087958211825-153968,Efectivo,260.0,"","",""
20251124105743,2795 - Clinica Dental Coronel,2025-11-24,Factura 087958211825-153942,Efectivo,85.0,"","",""
20251124105735,2795 - Clinica Dental Coronel,2025-11-24,Factura 087958211825-153941,Efectivo,85.0,"","",""
20251124105646,6153 - Clinica Dental Paleo,2025-11-24,Factura 087958211825-153939,Efectivo,40.0,"","",""
20251124105633,6153 - Clinica Dental Paleo,2025-11-24,Factura 087958211825-153927,Efectivo,80.0,"","",""
20251124105613,1882 - Superdental,2025-11-24,Factura 087958211825-153977,Transferencia Bancaria,85.0,"","",""
20251119215922,6152 - Maxilo Dental,2025-11-19,Factura 087958211825-153976,Efectivo,100.0,"","",""
20251115153545,3297 - Horizon Dental Group,2025-11-15,"",Efectivo,320.0,"","",""
20251115133015,2112 - Clinica Dental Tijuana,2025-11-15,"",Cheque,162.0,"","",""
20251115132312,7399 - Dental Angel Smile,2025-11-15,Factura 087958211825-153970,Efectivo,85.0,"","",""
20251114173049,4505 - Clinica Dental Integral,2025-11-14,Factura 087958211825-153975,Transferencia Bancaria,162.0,"","",""
20251114173039,4505 - Clinica Dental Integral,2025-11-14,Factura 087958211825-153963,Transferencia Bancaria,101.0,"","",""
20251113175255,800 - Zenzao Smile Studio,2025-11-13,Factura 087958211825-153962,Efectivo,75.0,"","",""
20251113175243,800 - Zenzao Smile Studio,2025-11-13,Factura 087958211825-153950,Efectivo,235.0,"","",""
20251113131324,6153 - Clinica Dental Paleo,2025-11-13,Factura R-00035,Efectivo,150.0,"","",""
20251112100623,4482 - Dental Bellas Artes,2025-11-12,Factura 087958211825-153966,Efectivo,160.0,"","",""
20251110144534,1931 - Hola Dental,2025-11-10,"",Efectivo,250.0,"","",""
20251107184622,7399 - Dental Angel Smile,2025-11-07,Factura 087958211825-153967,Efectivo,510.0,"","",""
20251106175159,2795 - Clinica Dental Coronel,2025-11-06,"",Efectivo,1200.0,"","",""
20251106175129,2543 - Real Dental Tijuana,2025-11-06,Factura 087958211825-153933,Efectivo,150.0,"","",""
20251106175105,6901 - Dental Studio,2025-11-06,Factura 087958211825-153953,Efectivo,150.0,"","",""
20251106175044,4505 - Clinica Dental Integral,2025-11-06,Factura 087958211825-153945,Efectivo,40.5,"","",""
20251106175036,4505 - Clinica Dental Integral,2025-11-06,Factura 087958211825-153938,Efectivo,150.0,"","",""
20251106175023,4505 - Clinica Dental Integral,2025-11-06,Factura 087958211825-153937,Transferencia Bancaria,525.0,"","",""
20251106174332,7399 - Dental Angel Smile,2025-11-06,Factura 087958211825-153961,Efectivo,85.0,"","",""
20251106174325,7399 - Dental Angel Smile,2025-11-06,Factura 087958211825-153957,Efectivo,85.0,"","",""
20251103121035,-,2025-11-03,Factura 888160,Transferencia Bancaria,151.2,"","",""
20251103120851,8832 - Orion Dental,2025-11-03,Factura 087958211825-153955,Efectivo,225.0,"","",""
20251028173130,3297 - Horizon Dental Group,2025-10-28,"",Efectivo,300.0,"","",""
20251027163916,2795 - Clinica Dental Coronel,2025-10-27,Factura 087958211825-153930,Efectivo,450.0,"","",""
20251025141654,1882 - Superdental,2025-10-25,"",Transferencia Bancaria,90.0,"","",""
20251025141527,2112 - Clinica Dental Tijuana,2025-10-25,"",Cheque,405.0,"","",""
20251025141447,4505 - Clinica Dental Integral,2025-10-25,Factura 087958211825-153928,Efectivo,336.0,"","",""
20251025114018,7399 - Dental Angel Smile,2025-10-25,Factura 087958211825-153935,Efectivo,510.0,"","",""
20251025113952,1882 - Superdental,2025-10-25,"",Transferencia Bancaria,20.0,"","",""
20251021120928,2795 - Clinica Dental Coronel,2025-10-21,Factura 087958211825-153915,Transferencia Bancaria,85.0,"","",""
20251021120856,2112 - Clinica Dental Tijuana,2025-10-21,Factura 087958211825-153905,Cheque,162.0,"","",""
20251020111247,2795 - Clinica Dental Coronel,2025-10-20,Factura 087958211825-153914,Transferencia Bancaria,90.0,"","",""
20251020111235,2795 - Clinica Dental Coronel,2025-10-20,Factura 087958211825-153913,Transferencia Bancaria,45.0,"","",""
20251018105937,3297 - Horizon Dental Group,2025-10-18,"",Efectivo,260.0,"","",""
20251018105421,4505 - Clinica Dental Integral,2025-10-18,Factura 087958211825-153918,Efectivo,220.0,"","",""
20251017183604,6152 - Maxilo Dental,2025-10-17,Factura 087958211825-153917,Efectivo,75.0,"","",""
20251017183556,6152 - Maxilo Dental,2025-10-17,Factura 087958211825-153908,Efectivo,160.0,"","",""
20251017183548,6152 - Maxilo Dental,2025-10-17,Factura 087958211825-153907,Efectivo,85.0,"","",""
20251017183535,6152 - Maxilo Dental,2025-10-17,Factura 087958211825-153906,Efectivo,85.0,"","",""
20251016145803,1931 - Hola Dental,2025-10-16,Factura 087958211825-153900,Efectivo,170.0,"","",""
20251016145753,1931 - Hola Dental,2025-10-16,Factura 087958211825-153899,Efectivo,90.0,"","",""
20251016145746,1931 - Hola Dental,2025-10-16,Factura 087958211825-153886,Efectivo,160.0,"","",""
20251014155614,3297 - Horizon Dental Group,2025-10-14,Factura 087958211825-153925,Efectivo,170.0,"","",""
20251013150901,800 - Zenzao Smile Studio,2025-10-13,Factura 087958211825-153920,Efectivo,225.0,"","",""
20251013120726,2543 - Real Dental Tijuana,2025-10-13,Factura 087958211825-153924,Efectivo,75.0,"","",""
20251013120714,2543 - Real Dental Tijuana,2025-10-13,Factura 087958211825-153893,Efectivo,90.0,"","",""
20251013120706,2543 - Real Dental Tijuana,2025-10-13,Factura 087958211825-153887,Efectivo,75.0,"","",""
20251010201114,7399 - Dental Angel Smile,2025-10-10,Factura 087958211825-153895,Efectivo,595.0,"","",""
20251010200852,6901 - Dental Studio,2025-10-10,Factura 087958211825-153911,Transferencia Bancaria,150.0,"","",""
20251010200839,4505 - Clinica Dental Integral,2025-10-10,Factura 087958211825-153916,Transferencia Bancaria,86.4,"","",""
20251010200831,4505 - Clinica Dental Integral,2025-10-10,Factura 087958211825-153910,Transferencia Bancaria,162.0,"","",""
20251010200821,4505 - Clinica Dental Integral,2025-10-10,Factura 087958211825-153909,Transferencia Bancaria,81.0,"","",""
20251010200813,4505 - Clinica Dental Integral,2025-10-10,Factura 087958211825-153902,Transferencia Bancaria,81.0,"","",""
20251009084414,2795 - Clinica Dental Coronel,2025-10-09,Factura 087958211825-153904,Transferencia Bancaria,85.0,"","",""
20251007144813,4505 - Clinica Dental Integral,2025-10-07,Factura 087958211825-153912,Transferencia Bancaria,25.0,"","",""
20251006182720,2112 - Clinica Dental Tijuana,2025-10-06,"",Cheque,448.16,Santander,43828986,""
20251006182245,2795 - Clinica Dental Coronel,2025-10-06,Factura 087958211825-153896,Transferencia Bancaria,85.0,"","",""
20251006182201,6152 - Maxilo Dental,2025-10-06,Factura 087958211825-153901,Efectivo,1000.0,"","",""
20251004085258,6901 - Dental Studio,2025-10-04,Factura 087958211825-153888,Efectivo,192.0,"","",""
20251003181939,4505 - Clinica Dental Integral,2025-10-03,Factura 087958211825-153898,Efectivo,85.0,"","",""
20251003181920,4505 - Clinica Dental Integral,2025-10-03,Factura 087958211825-153897,Efectivo,160.0,"","",""
20251003181845,4505 - Clinica Dental Integral,2025-10-03,Factura 087958211825-153891,Efectivo,150.0,"","",""
20251002103356,2112 - Clinica Dental Tijuana,2025-10-02,"",Cheque,162.0,"","",""
20250929122417,2543 - Real Dental Tijuana,2025-09-29,Factura 087958211825-153889,Efectivo,600.0,"","",""
20250927134930,6152 - Maxilo Dental,2025-09-27,Factura 087958211825-153879,Efectivo,175.0,"","",""
20250927134810,2795 - Clinica Dental Coronel,2025-09-27,Factura 087958211825-153874,Transferencia Bancaria,75.0,"","",""
20250927134744,6152 - Maxilo Dental,2025-09-27,Factura 087958211825-153894,Transferencia Bancaria,345.6,"","",""
20250927124705,2795 - Clinica Dental Coronel,2025-09-27,Factura 087958211825-153873,Transferencia Bancaria,85.0,"","",""
20250925143512,1931 - Hola Dental,2025-09-25,Factura 087958211825-153885,Efectivo,80.0,"","",""
20250925090916,800 - Zenzao Smile Studio,2025-09-25,Factura 087958211825-153884,Transferencia Bancaria,75.0,"","",""
20250923130752,2112 - Clinica Dental Tijuana,2025-09-23,"",Cheque,445.0,"","",""
20250921174255,7399 - Dental Angel Smile,2025-09-21,Factura 087958211825-153878,Efectivo,85.0,"","",""
20250921174230,2543 - Real Dental Tijuana,2025-09-21,Factura 087958211825-153867,Efectivo,75.0,"","",""
20250921174223,2543 - Real Dental Tijuana,2025-09-21,Factura 087958211825-153859,Efectivo,90.0,"","",""
20250920093205,8832 - Orion Dental,2025-09-20,Factura 087958211825-153883,Efectivo,90.0,"","",""
20250920093132,4505 - Clinica Dental Integral,2025-09-20,Factura 087958211825-153876,Transferencia Bancaria,162.0,"","",""
20250920093121,4505 - Clinica Dental Integral,2025-09-20,Factura 087958211825-153875,Transferencia Bancaria,162.0,"","",""
20250919130838,1882 - Superdental,2025-09-19,Factura 087958211825-153883,Efectivo,240.0,"","",""
20250918192427,1882 - Superdental,2025-09-18,Factura R-00036,Efectivo,240.0,"","",""
20250918092415,800 - Zenzao Smile Studio,2025-09-18,Factura 087958211825-153877,Transferencia Bancaria,75.0,"","",""
20250912095946,2543 - Real Dental Tijuana,2025-09-12,Factura 087958211825-153855,Efectivo,180.0,"","",""
20250912095938,2543 - Real Dental Tijuana,2025-09-12,Factura 087958211825-153846,Efectivo,75.0,"","",""
20250912095931,2543 - Real Dental Tijuana,2025-09-12,Factura 087958211825-153841,Efectivo,75.0,"","",""
20250912095923,2543 - Real Dental Tijuana,2025-09-12,Factura 087958211825-153839,Efectivo,75.0,"","",""
20250911161348,3297 - Horizon Dental Group,2025-09-11,Factura 087958211825-153872,Efectivo,255.0,"","",""
20250911161333,6901 - Dental Studio,2025-09-11,Factura 087958211825-153858,Efectivo,80.0,"","",""
20250911161323,6901 - Dental Studio,2025-09-11,Factura 087958211825-153857,Efectivo,155.0,"","",""
20250911161309,4505 - Clinica Dental Integral,2025-09-11,Factura 087958211825-153870,Efectivo,115.0,"","",""
20250911161302,4505 - Clinica Dental Integral,2025-09-11,Factura 087958211825-153869,Efectivo,75.0,"","",""
20250911161255,4505 - Clinica Dental Integral,2025-09-11,Factura 087958211825-153868,Efectivo,75.0,"","",""
20250911161247,4505 - Clinica Dental Integral,2025-09-11,Factura 087958211825-153866,Efectivo,85.0,"","",""
20250911161239,4505 - Clinica Dental Integral,2025-09-11,Factura 087958211825-153865,Efectivo,85.0,"","",""
20250911161232,4505 - Clinica Dental Integral,2025-09-11,Factura 087958211825-153860,Efectivo,150.0,"","",""
20250909113751,3297 - Horizon Dental Group,2025-09-09,Factura 087958211825-153864,Efectivo,85.0,"","",""
20250909113745,3297 - Horizon Dental Group,2025-09-09,Factura 087958211825-153863,Efectivo,320.0,"","",""
20250908105512,2795 - Clinica Dental Coronel,2025-09-08,Factura 087958211825-153840,Transferencia Bancaria,900.0,"","",""
20250906101258,4505 - Clinica Dental Integral,2025-09-06,Factura 087958211825-153848,Transferencia Bancaria,81.0,"","",""
20250906101250,4505 - Clinica Dental Integral,2025-09-06,Factura 087958211825-153847,Transferencia Bancaria,405.0,"","",""
20250905174750,6152 - Maxilo Dental,2025-09-05,Factura 087958211825-153851,Efectivo,160.0,"","",""
20250905150351,2112 - Clinica Dental Tijuana,2025-09-05,Factura 087958211825-153831,Cheque,91.0,Santander,43757976,""
20250905124158,3297 - Horizon Dental Group,2025-09-05,Factura 087958211825-153853,Efectivo,10.0,"","",""
20250903174753,2543 - Real Dental Tijuana,2025-09-03,Factura 087958211825-153826,Efectivo,375.0,"","",""
20250903120722,6153 - Clinica Dental Paleo,2025-09-03,Factura 087958211825-153822,Efectivo,90.0,"","",""
20250831192811,800 - Zenzao Smile Studio,2025-08-31,"",Efectivo,696.0,"","",""
20250830113911,7399 - Dental Angel Smile,2025-08-30,Factura 087958211825-153849,Efectivo,170.0,"","",""
20250830113217,3297 - Horizon Dental Group,2025-08-30,"",Efectivo,315.0,"","",""
20250830100012,4505 - Clinica Dental Integral,2025-08-30,Factura 087958211825-153828,Transferencia Bancaria,13.6,"","",""
20250830095920,4505 - Clinica Dental Integral,2025-08-30,Factura 087958211825-153828,Transferencia Bancaria,170.0,"","",""
20250830095524,800 - Zenzao Smile Studio,2025-08-30,"",Transferencia Bancaria,300.0,"","",""
20250828113900,2543 - Real Dental Tijuana,2025-08-28,Factura 087958211825-153833,Efectivo,75.0,"","",""
20250828113847,2543 - Real Dental Tijuana,2025-08-28,Factura 087958211825-153829,Efectivo,75.0,"","",""
20250827091058,6152 - Maxilo Dental,2025-08-27,Factura 087958211825-153837,Efectivo,170.0,"","",""
20250827091050,6152 - Maxilo Dental,2025-08-27,Factura 087958211825-153836,Efectivo,150.0,"","",""
20250827091012,800 - Zenzao Smile Studio,2025-08-27,Factura 087958211825-153845,Transferencia Bancaria,150.0,"","",""
20250826105242,2565 - MEDICA,2025-08-26,"",Efectivo,300.0,"","",""
20250825135254,2795 - Clinica Dental Coronel,2025-08-25,Factura 087958211825-153819,Transferencia Bancaria,180.0,"","",""
20250822150357,6152 - Maxilo Dental,2025-08-22,Factura 087958211825-153827,Efectivo,180.0,"","",""
20250822150349,6152 - Maxilo Dental,2025-08-22,Factura 087958211825-153824,Efectivo,85.0,"","",""
20250822150337,6152 - Maxilo Dental,2025-08-22,Factura 087958211825-153823,Efectivo,90.0,"","",""
20250822150300,2543 - Real Dental Tijuana,2025-08-22,Factura 087958211825-153825,Efectivo,75.0,"","",""
20250822150248,2543 - Real Dental Tijuana,2025-08-22,Factura 65883809124-00655,Efectivo,75.0,"","",""
20250822150239,2543 - Real Dental Tijuana,2025-08-22,Factura 658838091259-00088,Efectivo,75.0,"","",""
20250822090440,2795 - Clinica Dental Coronel,2025-08-22,Factura 087958211825-153820,Transferencia Bancaria,90.0,"","",""
20250821145522,3297 - Horizon Dental Group,2025-08-21,Factura 087958211825-153834,Efectivo,85.0,"","",""
20250821142929,1882 - Superdental,2025-08-21,Factura 087958211825-153835,Transferencia Bancaria,85.0,"","",""
20250821142505,1882 - Superdental,2025-08-21,Factura 087958211825-153832,Transferencia Bancaria,225.0,"","",""
20250821142455,1882 - Superdental,2025-08-21,Factura 658838091259-00094,Transferencia Bancaria,85.0,"","",""
20250821142423,1882 - Superdental,2025-08-21,Factura 658838091259-00093,Transferencia Bancaria,170.0,"","",""
20250821112318,2795 - Clinica Dental Coronel,2025-08-21,Factura 658838091259-00091,Transferencia Bancaria,85.0,"","",""
20250819160025,3297 - Horizon Dental Group,2025-08-19,"",Efectivo,90.0,"","",""
20250819131005,800 - Zenzao Smile Studio,2025-08-19,Factura 658838091259-00100,Efectivo,75.0,"","",""
20250819130935,4505 - Clinica Dental Integral,2025-08-19,Factura 087958211825-153818,Transferencia Bancaria,183.6,"","",""
20250815191921,2565 - MEDICA,2025-08-15,"",Efectivo,310.0,"","",""
20250814112259,6152 - Maxilo Dental,2025-08-14,Factura 658838091259-0097,Efectivo,85.0,"","",""
20250814112250,6152 - Maxilo Dental,2025-08-14,Factura 658838091259-00092,Efectivo,90.0,"","",""
20250814112242,6152 - Maxilo Dental,2025-08-14,Factura 658838091259-00095,Efectivo,270.0,"","",""
20250813212741,2543 - Real Dental Tijuana,2025-08-13,Factura 658838091259-00087,Transferencia Bancaria,900.0,"","",""
20250812193424,4505 - Clinica Dental Integral,2025-08-12,Factura 658838091259-00090,Transferencia Bancaria,91.8,"","",""
20250812193415,4505 - Clinica Dental Integral,2025-08-12,Factura 658838091259-00086,Transferencia Bancaria,275.4,"","",""
20250812174008,7399 - Dental Angel Smile,2025-08-12,Factura 65883809124-00654,Efectivo,90.0,"","",""
20250811120802,2112 - Clinica Dental Tijuana,2025-08-11,"",Cheque,491.32,"","",""
20250811120342,1882 - Superdental,2025-08-11,"",Efectivo,500.0,"","",""
20250805154811,800 - Zenzao Smile Studio,2025-08-05,Factura R-00033,Transferencia Bancaria,237.6,"","",""
20250804190622,6153 - Clinica Dental Paleo,2025-08-04,Factura R-00032,Efectivo,70.0,"","",incluido con el pago de la semana 31
20250801180426,800 - Zenzao Smile Studio,2025-07-31,Factura 658838091259-00085,Transferencia Bancaria,81.0,"","",""
20250801180236,800 - Zenzao Smile Studio,2025-07-31,Factura 658838091259-00083,Transferencia Bancaria,10.8,"","",""
20250731112104,4505 - Clinica Dental Integral,2025-07-31,Factura 658838091259-00075,Transferencia Bancaria,91.8,"","",""
20250731112052,4505 - Clinica Dental Integral,2025-07-31,Factura 658838091259-00074,Transferencia Bancaria,91.8,"","",""
20250731112042,4505 - Clinica Dental Integral,2025-07-31,Factura 888156,Transferencia Bancaria,183.6,"","",""
20250731112030,4505 - Clinica Dental Integral,2025-07-31,Factura 658838091259-00068,Transferencia Bancaria,367.2,"","",""
20250731112000,6901 - Dental Studio,2025-07-31,Factura 658838091259-00058,Transferencia Bancaria,97.2,"","",""
20250730142842,2795 - Clinica Dental Coronel,2025-07-30,Factura 658838091259-00070,Efectivo,450.0,"","",""
20250728143503,6152 - Maxilo Dental,2025-07-28,Factura 658838091259-00067,Efectivo,95.0,"","",""
20250728143428,1882 - Superdental,2025-07-28,Factura 658838091259-00069,Transferencia Bancaria,710.0,"","",""
20250725205801,2543 - Real Dental Tijuana,2025-07-25,"",Efectivo,375.0,"","",""
20250725205730,2112 - Clinica Dental Tijuana,2025-07-25,Factura 658838091259-00064,Transferencia Bancaria,86.4,"","",""
20250725205716,2112 - Clinica Dental Tijuana,2025-07-25,Factura 658838091259-00051,Transferencia Bancaria,162.0,"","",""
20250724190101,4505 - Clinica Dental Integral,2025-07-24,Factura 658838091259-00059,Transferencia Bancaria,43.2,"","",""
20250724190053,4505 - Clinica Dental Integral,2025-07-24,Factura 658838091259-00057,Transferencia Bancaria,91.8,"","",""
20250724190044,4505 - Clinica Dental Integral,2025-07-24,Factura 658838091259-00056,Transferencia Bancaria,91.8,"","",""
20250724182613,6152 - Maxilo Dental,2025-07-24,Factura 65883809124-00543,Efectivo,85.0,"","",""
20250724164316,4482 - Dental Bellas Artes,2025-07-24,Factura 658838091259-00052,Efectivo,90.0,"","",""
20250724164247,2565 - MEDICA,2025-07-24,Factura 658838091259-00055,Efectivo,85.0,"","",""
20250724164240,2565 - MEDICA,2025-07-24,Factura 658838091259-00054,Efectivo,85.0,"","",""
20250724164228,2565 - MEDICA,2025-07-24,Factura 658838091259-00053,Efectivo,85.0,"","",""
20250722182516,800 - Zenzao Smile Studio,2025-07-22,Factura 658838091259-00066,Transferencia Bancaria,81.0,"","",""
20250722142606,1882 - Superdental,2025-07-22,Factura 658838091259-00065,Efectivo,645.0,"","",""
20250719153815,3297 - Horizon Dental Group,2025-07-19,Factura 658838091259-00063,Efectivo,255.0,"","",""
20250719093901,6153 - Clinica Dental Paleo,2025-07-19,Factura 65883809124-00547,Efectivo,400.0,"","",""
20250719093853,6153 - Clinica Dental Paleo,2025-07-19,Factura 65883809124-00542,Efectivo,160.0,"","",""
20250718165148,6152 - Maxilo Dental,2025-07-18,Factura 65883809124-00544,Efectivo,90.0,"","",""
20250718114240,4505 - Clinica Dental Integral,2025-07-18,Factura 65883809124-00549,Transferencia Bancaria,97.2,"","",""
20250718114231,4505 - Clinica Dental Integral,2025-07-18,Factura 65883809124-00539,Transferencia Bancaria,21.6,"","",""
20250717102244,1882 - Superdental,2025-07-17,Factura 65883809124-00550,Transferencia Bancaria,85.0,"","",""
20250717102236,1882 - Superdental,2025-07-17,Factura 65883809124-00548,Transferencia Bancaria,75.0,"","",""
20250712132805,3297 - Horizon Dental Group,2025-07-12,Factura 65883809124-00528,Efectivo,85.0,"","",""
20250710170809,3297 - Horizon Dental Group,2025-07-10,Factura 65883809124-00514,Efectivo,170.0,"","",""
20250710170642,4505 - Clinica Dental Integral,2025-07-10,Factura 65883809124-00535,Transferencia Bancaria,91.8,"","",""
20250710170634,4505 - Clinica Dental Integral,2025-07-10,Factura 65883809124-00526,Transferencia Bancaria,324.0,"","",""
20250710170551,6901 - Dental Studio,2025-07-10,Factura 65883809124-00538,Transferencia Bancaria,97.2,"","",""
20250710170532,2543 - Real Dental Tijuana,2025-07-10,Factura 65883809124-00536,Transferencia Bancaria,120.0,"","",""
20250710170525,2543 - Real Dental Tijuana,2025-07-10,Factura 65883809124-00537,Transferencia Bancaria,85.0,"","",""
20250710170517,2543 - Real Dental Tijuana,2025-07-10,Factura 65883809124-00517,Transferencia Bancaria,75.0,"","",""
20250710170510,2543 - Real Dental Tijuana,2025-07-10,Factura 65883809124-00516,Transferencia Bancaria,75.0,"","",""
20250710170501,2543 - Real Dental Tijuana,2025-07-10,Factura 65883809124-00508,Transferencia Bancaria,75.0,"","",""
20250707152625,6152 - Maxilo Dental,2025-07-07,Factura 65883809124-00533,Efectivo,75.0,"","",""
20250707152616,6152 - Maxilo Dental,2025-07-07,Factura 65883809124-00532,Efectivo,150.0,"","",""
20250707152608,6152 - Maxilo Dental,2025-07-07,Factura 65883809124-00531,Efectivo,85.0,"","",""
20250707152555,6152 - Maxilo Dental,2025-07-07,Factura 65883809124-00530,Efectivo,85.0,"","",""
20250707120005,2112 - Clinica Dental Tijuana,2025-07-07,Factura 65883809124-00534,Transferencia Bancaria,81.0,"","",""
20250707115958,2112 - Clinica Dental Tijuana,2025-07-07,Factura 65883809124-00529,Transferencia Bancaria,81.0,"","",""
20250707115952,2112 - Clinica Dental Tijuana,2025-07-07,Factura 65883809124-00525,Transferencia Bancaria,626.4,"","",""
20250702172454,6153 - Clinica Dental Paleo,2025-07-02,Factura R-00031,Efectivo,210.0,"","",""
20250702172441,6153 - Clinica Dental Paleo,2025-07-02,Factura R-00030,Efectivo,70.0,"","",""
20250701141814,4482 - Dental Bellas Artes,2025-07-01,Factura 65883809124-00524,Transferencia Bancaria,300.0,"","",""
20250701141753,6152 - Maxilo Dental,2025-07-01,Factura 65883809124-00521,Efectivo,90.0,"","",""
20250701141728,1882 - Superdental,2025-07-01,Factura 65883809124-00515,Efectivo,85.0,"","",""
20250626200647,2112 - Clinica Dental Tijuana,2025-06-26,Factura 65883809124-00523,Transferencia Bancaria,81.0,"","",""
20250626200634,2112 - Clinica Dental Tijuana,2025-06-26,Factura 65883809124-00522,Transferencia Bancaria,162.0,"","",""
20250624115543,800 - Zenzao Smile Studio,2025-06-24,Factura 65883809124-00510,Transferencia Bancaria,80.0,"","",Pago a cuenta Dr. Paleo 23-06-25
20250624115521,6153 - Clinica Dental Paleo,2025-06-24,Factura 65883809124-00520,Efectivo,270.0,"","",""
20250622232638,1979 - Dr. Sergio Duarte,2025-06-22,Factura 65883809124-00518,Efectivo,80.0,"","",""
20250622232540,2543 - Real Dental Tijuana,2025-06-22,"",Efectivo,675.0,"","",""
20250622232516,6152 - Maxilo Dental,2025-06-22,"",Efectivo,160.0,"","",""
20250620160434,4505 - Clinica Dental Integral,2025-06-20,"",Transferencia Bancaria,367.2,"","",""
20250620160214,2112 - Clinica Dental Tijuana,2025-06-20,"",Transferencia Bancaria,1528.28,"","",""
20250616101150,1882 - Superdental,2025-06-16,"",Transferencia Bancaria,170.0,"","",""
20250614155211,3297 - Horizon Dental Group,2025-06-14,"",Efectivo,500.0,"","",""
20250614155200,8832 - Orion Dental,2025-06-14,Factura 65883809124-00503,Efectivo,125.0,"","",""
20250614130325,6153 - Clinica Dental Paleo,2025-06-14,"",Efectivo,80.0,"","",""
20250614130247,2543 - Real Dental Tijuana,2025-06-14,"",Efectivo,90.0,"","",""
20250612100625,6152 - Maxilo Dental,2025-06-12,"",Efectivo,395.0,"","",""
20250612100557,4482 - Dental Bellas Artes,2025-06-12,"",Efectivo,150.0,"","",""
20250611181647,4505 - Clinica Dental Integral,2025-06-11,"",Transferencia Bancaria,280.8,"","",""
20250610163914,3297 - Horizon Dental Group,2025-06-10,"",Efectivo,500.0,"","",""
20250608220615,4505 - Clinica Dental Integral,2025-06-08,Factura 888153,Efectivo,85.0,"","",""
20250608220542,8832 - Orion Dental,2025-06-08,Factura 5883809124-00967,Efectivo,85.0,"","",""
20250607133820,3297 - Horizon Dental Group,2025-06-07,Pago Dra. Fabiola,Efectivo,240.0,"","",""
20250606215008,6153 - Clinica Dental Paleo,2025-06-06,parte del pago de la renta semana #22,Efectivo,70.0,"","",20250519135911
20250606214412,6153 - Clinica Dental Paleo,2025-06-06,parte del pago de la renta semana #22,Transferencia Bancaria,180.0,"","",20250604163809
20250606213555,4482 - Dental Bellas Artes,2025-06-06,"",Efectivo,150.0,"","",""
20250606213414,6152 - Maxilo Dental,2025-06-06,"",Efectivo,205.0,"","",""
20250606173952,2112 - Clinica Dental Tijuana,2025-06-06,"",Transferencia Bancaria,437.4,"","",""
20250606173917,1882 - Superdental,2025-06-06,"",Transferencia Bancaria,395.0,"","",""
20250605141035,3297 - Horizon Dental Group,2025-06-05,"",Efectivo,350.0,"","",""
20250604111054,2543 - Real Dental Tijuana,2025-06-04,"",Transferencia Bancaria,315.0,"","",""
20250531122223,6153 - Clinica Dental Paleo,2025-05-31,Pago 31/05/25,Efectivo,140.0,"","",340 dlls a Dr. JP
20250531122136,4505 - Clinica Dental Integral,2025-05-31,"",Efectivo,345.0,"","",""
20250530144635,2112 - Clinica Dental Tijuana,2025-05-30,"",Transferencia Bancaria,1053.0,"","",""
20250528191458,6152 - Maxilo Dental,2025-05-28,"",Efectivo,345.0,"","",""
20250528191443,4482 - Dental Bellas Artes,2025-05-28,Factura 5883809124-00961,Efectivo,90.0,"","",""
20250526155146,6152 - Maxilo Dental,2025-05-26,Factura 65883809124-00418,Efectivo,90.0,"","",""
20250526112456,6152 - Maxilo Dental,2025-05-26,Factura 65883809124-00426,Efectivo,85.0,"","",""
20250523213654,4505 - Clinica Dental Integral,2025-05-23,Factura 65883809124-00431,Efectivo,85.0,"","",""
20250523213635,4505 - Clinica Dental Integral,2025-05-23,Factura 65883809124-00432,Efectivo,127.5,"","",""
20250522182211,2565 - MEDICA,2025-05-22,Factura 65883809124-00419,Efectivo,85.0,"","",""
20250522152713,2543 - Real Dental Tijuana,2025-05-22,Factura 65883809124-00435,Efectivo,75.0,"","",""
20250522152703,2543 - Real Dental Tijuana,2025-05-22,Factura 65883809124-00436,Efectivo,75.0,"","",""
20250517145418,2112 - Clinica Dental Tijuana,2025-05-17,"",Transferencia Bancaria,81.0,"","",""
20250517145350,2543 - Real Dental Tijuana,2025-05-17,"",Efectivo,1015.03,"","",""
20250516153210,4505 - Clinica Dental Integral,2025-05-16,"",Efectivo,315.0,"","",""
20250516153114,6153 - Clinica Dental Paleo,2025-05-16,"",Efectivo,255.0,"","",""
20250514160136,6153 - Clinica Dental Paleo,2025-05-14,"",Efectivo,170.0,"","",""
20250514133516,2543 - Real Dental Tijuana,2025-05-13,"",Efectivo,270.0,"","",""
20250513170212,6153 - Clinica Dental Paleo,2025-05-13,Factura 65883809124-00417,Efectivo,445.0,"","",""
20250512123404,8832 - Orion Dental,2025-05-12,Factura 65883809124-00424,Efectivo,20.0,"","",""
20250509143025,2112 - Clinica Dental Tijuana,2025-05-09,"",Transferencia Bancaria,162.0,"","",""
20250508180108,3297 - Horizon Dental Group,2025-05-08,"",Efectivo,500.0,"","",""
20250504121030,2112 - Clinica Dental Tijuana,2025-05-04,"",Transferencia Bancaria,324.0,"","",""
20250504120925,3297 - Horizon Dental Group,2025-05-04,"",Efectivo,200.0,"","",""
20250504113505,3297 - Horizon Dental Group,2025-05-04,"",Efectivo,80.0,"","",""
20250506184232,4505 - Clinica Dental Integral,2025-05-03,"",Efectivo,270.0,"","",""
20250502160116,6152 - Maxilo Dental,2025-05-02,"",Transferencia Bancaria,334.8,"","",""
20250502155846,1882 - Superdental,2025-05-02,"",Efectivo,245.0,"","",""
20250430180710,4482 - Dental Bellas Artes,2025-04-30,"",Transferencia Bancaria,140.0,"","",""
20250430131545,6153 - Clinica Dental Paleo,2025-04-30,"",Efectivo,500.0,"","",""
20250430122709,6153 - Clinica Dental Paleo,2025-04-30,"",Efectivo,2000.0,"","",""
20250429153327,2543 - Real Dental Tijuana,2025-04-29,"",Transferencia Bancaria,410.0,"","",""
20250428181143,3297 - Horizon Dental Group,2025-04-28,Anabel Pardini,Efectivo,180.0,"","",""
20250428180258,3297 - Horizon Dental Group,2025-04-28,Andres Hernandez,Efectivo,190.0,"","",""
20250430170016,4505 - Clinica Dental Integral,2025-04-26,Factura R-00013,Efectivo,100.0,"","",""
20250425135904,2112 - Clinica Dental Tijuana,2025-04-25,"",Transferencia Bancaria,761.4,"","",""
20250422202752,2112 - Clinica Dental Tijuana,2025-04-22,"",Transferencia Bancaria,658.8,"","",""
20250422202638,2543 - Real Dental Tijuana,2025-04-22,"",Efectivo,525.0,"","",""
20250422202546,4482 - Dental Bellas Artes,2025-04-22,"",Transferencia Bancaria,245.0,"","",""
20250422202431,2565 - MEDICA,2025-04-22,Factura R-00014,Efectivo,170.0,"","",""
20250422202415,2565 - MEDICA,2025-04-22,Factura R-00007,Efectivo,85.0,"","",""
20250422202405,2565 - MEDICA,2025-04-22,Factura R-00008,Efectivo,85.0,"","",""
20250416203433,6152 - Maxilo Dental,2025-04-16,Factura 888150,Efectivo,90.0,"","",""
20250416203345,1882 - Superdental,2025-04-16,Factura 888132,Transferencia Bancaria,30.0,"","",""
20250416203336,1882 - Superdental,2025-04-16,Factura 888144,Transferencia Bancaria,75.0,"","",""
20250416203327,1882 - Superdental,2025-04-16,Factura 888148,Transferencia Bancaria,320.0,"","",""
20250413235718,6153 - Clinica Dental Paleo,2025-04-13,Factura R-00004,Transferencia Bancaria,240.0,"","",""
20250412142100,6153 - Clinica Dental Paleo,2025-04-12,Factura 888141,Efectivo,160.0,"","",""
20250412142043,2112 - Clinica Dental Tijuana,2025-04-12,Factura 888140,Transferencia Bancaria,81.0,"","",""
20250412142027,2112 - Clinica Dental Tijuana,2025-04-12,Factura 888127,Transferencia Bancaria,97.2,"","",""
20250412142015,2112 - Clinica Dental Tijuana,2025-04-12,Factura 888124.1,Transferencia Bancaria,194.4,"","",""
20250412142003,2112 - Clinica Dental Tijuana,2025-04-12,Factura 888125,Transferencia Bancaria,91.8,"","",""
20250412141953,2112 - Clinica Dental Tijuana,2025-04-12,Factura 888118.1,Transferencia Bancaria,91.8,"","",""
20250412141942,2543 - Real Dental Tijuana,2025-04-12,Factura 888143,Efectivo,75.0,"","",""
20250412141929,6152 - Maxilo Dental,2025-04-12,Factura R-00006,Efectivo,127.5,"","",""
20250412141918,6152 - Maxilo Dental,2025-04-12,Factura R-00005,Efectivo,40.0,"","",""
20250409132056,6153 - Clinica Dental Paleo,2025-04-09,Factura 888131,Efectivo,240.0,"","",""
20250409130027,6152 - Maxilo Dental,2025-04-09,Factura 888133,Efectivo,480.0,"","",""
20250409130013,2565 - MEDICA,2025-04-09,Factura 888136,Efectivo,85.0,"","",""
20250409130001,2565 - MEDICA,2025-04-09,Factura 888121,Efectivo,249.0,"","",""
20250405111507,2112 - Clinica Dental Tijuana,2025-04-05,Factura 888139,Transferencia Bancaria,91.8,"","",""
20250405111454,2112 - Clinica Dental Tijuana,2025-04-05,Factura 888138,Transferencia Bancaria,91.8,"","",""
20250405111308,2112 - Clinica Dental Tijuana,2025-04-05,Factura 888137,Transferencia Bancaria,183.6,"","",""
20250405111201,2543 - Real Dental Tijuana,2025-04-05,Factura 888135,Transferencia Bancaria,75.0,"","",""
20250405111149,2543 - Real Dental Tijuana,2025-04-05,Factura 888134,Transferencia Bancaria,450.0,"","",""
20250403113108,1979 - Dr. Sergio Duarte,2025-04-03,Factura 888117.1,Efectivo,85.0,"","",""
20250329215059,3297 - Horizon Dental Group,2025-03-29,Factura 888128,Efectivo,80.0,"","",""
20250329215047,3297 - Horizon Dental Group,2025-03-29,Factura 888123,Efectivo,170.0,"","",""
20250329215026,6152 - Maxilo Dental,2025-03-29,Factura 888116.1,Efectivo,170.0,"","",""
20250327134710,1882 - Superdental,2025-03-27,Factura 888129,Efectivo,80.0,"","",""
20250327134640,1882 - Superdental,2025-03-27,Factura 888130,Efectivo,150.0,"","",""
20250325182751,2112 - Clinica Dental Tijuana,2025-03-25,Factura 888115.1,Cheque,97.2,"","",""
20250325182739,2112 - Clinica Dental Tijuana,2025-03-25,Factura 888114.1,Cheque,91.8,"","",""
20250325182726,2112 - Clinica Dental Tijuana,2025-03-25,Factura 888113.1,Cheque,91.8,"","",""
20250325182555,2565 - MEDICA,2025-03-25,"",Efectivo,431.0,"","",""
20250325182503,2543 - Real Dental Tijuana,2025-03-25,Factura 888125.1,Efectivo,20.0,"","",""
20250325182453,2543 - Real Dental Tijuana,2025-03-25,Factura 888126,Efectivo,75.0,"","",""
20250324135503,6153 - Clinica Dental Paleo,2025-03-24,Factura 888118,Transferencia Bancaria,276.5,"","",""
20250324135325,6153 - Clinica Dental Paleo,2025-03-24,Factura 888111,Efectivo,595.0,"","",""
20250319081530,6153 - Clinica Dental Paleo,2025-03-19,Factura 888110,Efectivo,170.0,"","",""
20250319081512,6153 - Clinica Dental Paleo,2025-03-19,Factura 888109,Efectivo,80.0,"","",""
20250319081405,2112 - Clinica Dental Tijuana,2025-03-19,Factura 888112.1,Efectivo,540.0,"","",""
20250319081348,3297 - Horizon Dental Group,2025-03-19,Factura 888102,Efectivo,160.0,"","",""
20250319081332,2112 - Clinica Dental Tijuana,2025-03-19,Factura 888106,Transferencia Bancaria,91.8,"","",""
20250310184531,2112 - Clinica Dental Tijuana,2025-03-10,Factura 888116,Transferencia Bancaria,610.0,"","",""
20250310184329,4482 - Dental Bellas Artes,2025-03-10,Factura 888114,Efectivo,85.0,"","",""
20250310184122,2543 - Real Dental Tijuana,2025-03-10,Factura 888107,Efectivo,75.0,"","",""
20250310184052,3390 - Smile Design California,2025-03-10,Factura 00103,Efectivo,956.25,"","",""
20250310184028,2543 - Real Dental Tijuana,2025-03-10,Factura 00096,Efectivo,75.0,"","",""
20250310184006,3390 - Smile Design California,2025-03-10,Factura 00082,Efectivo,42.5,"","",""
20250310183950,3390 - Smile Design California,2025-03-10,Factura 00070,Efectivo,85.0,"","",""
20250310183858,2543 - Real Dental Tijuana,2025-03-10,Factura 888112,Efectivo,75.0,"","",""
20250306161722,2112 - Clinica Dental Tijuana,2025-03-06,Factura 00092,Transferencia Bancaria,91.8,"","",""
20250306161709,2112 - Clinica Dental Tijuana,2025-03-06,Factura 00085,Transferencia Bancaria,91.8,"","",""
20250306161657,2112 - Clinica Dental Tijuana,2025-03-06,Factura 00077,Transferencia Bancaria,91.8,"","",""
20250306161636,2112 - Clinica Dental Tijuana,2025-03-06,Factura 00076,Transferencia Bancaria,91.8,"","",""
20250306141005,3297 - Horizon Dental Group,2025-03-06,"",Efectivo,200.0,"","",""
20250304113456,6152 - Maxilo Dental,2025-03-04,Factura 00095,Efectivo,85.0,"","",""
20250304113359,4482 - Dental Bellas Artes,2025-03-04,Factura 00091,Efectivo,85.0,"","",""
20250304113306,2565 - MEDICA,2025-03-04,Factura 00075,Efectivo,105.0,"","",""
20250304113153,2112 - Clinica Dental Tijuana,2025-03-04,Factura 00097,Transferencia Bancaria,91.8,"","",""
20250304113106,2112 - Clinica Dental Tijuana,2025-03-04,Factura 00093,Transferencia Bancaria,91.8,"","",""
20250226164335,3297 - Horizon Dental Group,2025-02-26,"",Efectivo,300.0,"","",""
20250225120146,4782 - Dentofacial Group,2025-02-25,"",Efectivo,200.0,"","",""
20250221154457,2112 - Clinica Dental Tijuana,2025-02-21,Factura 00087,Transferencia Bancaria,630.0,"","",""
20250221154440,6152 - Maxilo Dental,2025-02-21,Factura 00088,Efectivo,75.0,"","",""
20250221154431,6152 - Maxilo Dental,2025-02-21,Factura 00089,Efectivo,75.0,"","",""
20250221154418,6152 - Maxilo Dental,2025-02-21,Factura 00090,Efectivo,200.0,"","",""
20250220144422,1882 - Superdental,2025-02-20,Factura 00084,Efectivo,10.0,"","",""
20250220144403,1882 - Superdental,2025-02-20,Factura 00083,Efectivo,80.0,"","",""
20250220144354,1882 - Superdental,2025-02-20,Factura 00080,Efectivo,400.0,"","",""
20250218192755,6152 - Maxilo Dental,2025-02-18,Factura 00073,Transferencia Bancaria,75.0,"","",""
20250218192738,6152 - Maxilo Dental,2025-02-18,Factura 00079,Transferencia Bancaria,91.8,"","",""
20250218192646,6152 - Maxilo Dental,2025-02-18,Factura 00078,Transferencia Bancaria,712.8,"","",""
20250218184404,2543 - Real Dental Tijuana,2025-02-18,Factura 00071,Transferencia Bancaria,450.0,"","",""
20250218184342,2543 - Real Dental Tijuana,2025-02-18,Factura 00074,Efectivo,75.0,"","",""
20250215144701,2112 - Clinica Dental Tijuana,2025-02-15,Factura 00069,Efectivo,129.6,"","",""
20250215125417,3297 - Horizon Dental Group,2025-02-15,Factura 00058,Efectivo,160.0,"","",""
20250215125402,3297 - Horizon Dental Group,2025-02-15,Factura 00060,Efectivo,40.0,"","",""
20250214190013,6153 - Clinica Dental Paleo,2025-02-14,Factura 00049,Efectivo,160.0,"","",""
20250214185854,2112 - Clinica Dental Tijuana,2025-02-14,Factura 00057,Transferencia Bancaria,91.8,"","",""
20250214185333,2112 - Clinica Dental Tijuana,2025-02-14,Factura 00068,Transferencia Bancaria,91.8,"","",""
20250214185316,2112 - Clinica Dental Tijuana,2025-02-14,Factura 00067,Transferencia Bancaria,275.4,"","",""
20250214185201,2112 - Clinica Dental Tijuana,2025-02-14,Factura 00063,Transferencia Bancaria,91.8,"","",""
20250214184801,2565 - MEDICA,2025-02-14,Factura 00053,Efectivo,85.0,"","",""
20250214184743,2565 - MEDICA,2025-02-14,Factura 00054,Efectivo,85.0,"","",""
20250214184727,2565 - MEDICA,2025-02-14,Factura 00055,Efectivo,85.0,"","",""
20250211192506,6152 - Maxilo Dental,2025-02-11,Factura 00056,Efectivo,10.0,"","",""
20250211180339,3297 - Horizon Dental Group,2025-02-11,Factura 00064,Efectivo,300.0,"","",""
20250208155424,2112 - Clinica Dental Tijuana,2025-02-08,Factura 00057,Transferencia Bancaria,91.8,"","",""
20250208130340,3297 - Horizon Dental Group,2025-02-08,Factura 00065,Efectivo,100.0,"","",""
20250207210630,6152 - Maxilo Dental,2025-02-07,Factura 00052,Efectivo,85.0,"","",""
20250206160210,1882 - Superdental,2025-02-06,Factura 00045,Transferencia Bancaria,80.0,"","",""
20250206160149,2543 - Real Dental Tijuana,2025-02-06,Factura 00044,Efectivo,150.0,"","",""
20250131202328,2565 - MEDICA,2025-01-31,Factura 00038,Efectivo,340.0,"","",""
20250131174227,2112 - Clinica Dental Tijuana,2025-01-31,Factura 00042,Transferencia Bancaria,91.8,"","",""
20250131174108,2112 - Clinica Dental Tijuana,2025-01-31,Factura 00046,Transferencia Bancaria,367.2,"","",""
20250131173407,2112 - Clinica Dental Tijuana,2025-01-31,Factura 00043,Transferencia Bancaria,1377.0,"","",""
20250131144141,6153 - Clinica Dental Paleo,2025-01-31,Factura 00048,Efectivo,80.0,"","",""
20250131144130,6153 - Clinica Dental Paleo,2025-01-31,Factura 00047,Efectivo,80.0,"","",""
20250131114603,1882 - Superdental,2025-01-31,Factura 00027,Transferencia Bancaria,85.0,"","",""
20250130162622,4505 - Clinica Dental Integral,2025-01-30,Factura 00041,Efectivo,80.0,"","",""
20250130162613,4505 - Clinica Dental Integral,2025-01-30,Factura 00039,Efectivo,50.0,"","",""
20250130162604,4505 - Clinica Dental Integral,2025-01-30,Factura 00032,Efectivo,240.0,"","",""
20250130162554,4505 - Clinica Dental Integral,2025-01-30,Factura 00026,Efectivo,490.0,"","",""
20250128114624,2112 - Clinica Dental Tijuana,2025-01-28,Factura 00030,Cheque,91.8,BBVA,"",""
20250128114535,2112 - Clinica Dental Tijuana,2025-01-28,Factura 00025,Cheque,91.8,BBVA,"",""
20250124113032,6152 - Maxilo Dental,2025-01-24,Factura 00033,Transferencia Bancaria,178.2,"","",""
20250124113013,6152 - Maxilo Dental,2025-01-24,Factura 00034,Transferencia Bancaria,583.2,"","",""
20250124112839,6152 - Maxilo Dental,2025-01-24,Factura 00035,Transferencia Bancaria,102.6,"","",""
20250124112644,2543 - Real Dental Tijuana,2025-01-24,Factura 00028,Efectivo,75.0,"","",""
20250124112508,2543 - Real Dental Tijuana,2025-01-24,Factura 00036,Efectivo,225.0,"","",""
20250123175955,4505 - Clinica Dental Integral,2025-01-23,Factura 00024,Efectivo,80.0,"","",""
20250123175940,4505 - Clinica Dental Integral,2025-01-23,Factura 00019,Efectivo,80.0,"","",""
20250122144130,6152 - Maxilo Dental,2025-01-22,Factura 00031,Transferencia Bancaria,1080.0,"","",""
20250122144008,3297 - Horizon Dental Group,2025-01-22,Factura 00029,Efectivo,200.0,"","",""
20250208125848,2112 - Clinica Dental Tijuana,2025-01-17,Factura 00023,Cheque,275.4,BBVA,72410213,""
20250208125803,2112 - Clinica Dental Tijuana,2025-01-17,Factura 00022,Cheque,91.8,BBVA,72410213,""
20250116153356,1979 - Dr. Sergio Duarte,2025-01-16,Factura 00018,Efectivo,85.0,"","",""
20250116153332,1882 - Superdental,2025-01-16,Factura 00020,Efectivo,75.0,"","",""
20250116153245,1979 - Dr. Sergio Duarte,2025-01-16,Factura 00015,Efectivo,40.0,"","",""
20250116153234,1979 - Dr. Sergio Duarte,2025-01-16,Factura 00016,Efectivo,40.0,"","",""
20250116153219,1882 - Superdental,2025-01-16,Factura 00017,Efectivo,75.0,"","",""
20250116153132,2112 - Clinica Dental Tijuana,2025-01-16,Factura 00007,Cheque,91.8,BBVA,26402332,""
20250116153105,2112 - Clinica Dental Tijuana,2025-01-16,Factura 00010,Cheque,275.4,BBVA,26402332,""
20250116153036,2112 - Clinica Dental Tijuana,2025-01-16,Factura 00009,Cheque,275.4,BBVA,26402332,""
20250116152946,2112 - Clinica Dental Tijuana,2025-01-16,Factura 00008,Cheque,194.4,BBVA,26402332,""
20250115180228,3297 - Horizon Dental Group,2025-01-15,Factura 00021,Efectivo,85.0,"","",""
20250113135915,6152 - Maxilo Dental,2025-01-13,Factura 00005,Efectivo,175.0,"","",""
20250113135410,2543 - Real Dental Tijuana,2025-01-13,Factura 00011,Efectivo,80.0,"","",""
20250113135352,3297 - Horizon Dental Group,2025-01-13,Factura 00001,Efectivo,85.0,"","",""
20250113125928,4782 - Dentofacial Group,2025-01-13,Factura 00014,Efectivo,50.0,"","",""
20250111131650,2565 - MEDICA,2025-01-11,Factura 00013,Efectivo,85.0,"","",""
20250111131238,2565 - MEDICA,2025-01-11,Factura 00012,Efectivo,90.0,"","",""
20250110181222,6152 - Maxilo Dental,2025-01-10,Factura 00004,Transferencia Bancaria,453.6,"","",""
20250106091641,2543 - Real Dental Tijuana,2025-01-06,Factura 00003,Efectivo,60.0,"","",""
20250106091627,2543 - Real Dental Tijuana,2025-01-06,Factura 00002,Efectivo,75.0,"","",""
20250104153605,3297 - Horizon Dental Group,2025-01-04,Factura 00001,Efectivo,170.0,"","",""
